<?xml version="1.0" encoding="UTF-8"?>
<Bucket
   uuid = "208D3189-90D3-4483-B4A9-18094975388D"
   type = "1"
   version = "2.0">
   <Breakpoints>
      <BreakpointProxy
         BreakpointExtensionID = "Xcode.Breakpoint.FileBreakpoint">
         <BreakpointContent
            uuid = "B756F649-B598-4D12-B049-FC2CCECCFA49"
            shouldBeEnabled = "No"
            ignoreCount = "0"
            continueAfterRunningActions = "No"
            filePath = "../../BecomeDigitalIdentityVerification/BecomeDigitalV/BecomeDigitalV/Views/CameraViewController.swift"
            startingColumnNumber = "9223372036854775807"
            endingColumnNumber = "9223372036854775807"
            startingLineNumber = "686"
            endingLineNumber = "686"
            landmarkName = "changeCamera(isFront:)"
            landmarkType = "7">
            <Locations>
               <Location
                  uuid = "B756F649-B598-4D12-B049-FC2CCECCFA49 - db8180b1e742f188"
                  shouldBeEnabled = "Yes"
                  ignoreCount = "0"
                  continueAfterRunningActions = "No"
                  symbolName = "closure #1 () -&gt; () in BecomeDigitalV.CameraViewController.changeCamera(isFront: Swift.Bool) -&gt; ()"
                  moduleName = "BecomeDigitalV"
                  usesParentBreakpointCondition = "Yes"
                  urlString = "file:///Users/nelsonpena/Google%20Drive/dev_proyects/IOs/BecomeDigitalIdentityVerification/BecomeDigitalV/BecomeDigitalV/Views/CameraViewController.swift"
                  startingColumnNumber = "9223372036854775807"
                  endingColumnNumber = "9223372036854775807"
                  startingLineNumber = "659"
                  endingLineNumber = "659"
                  offsetFromSymbolStart = "3408">
               </Location>
               <Location
                  uuid = "B756F649-B598-4D12-B049-FC2CCECCFA49 - db8180b1e742f10c"
                  shouldBeEnabled = "Yes"
                  ignoreCount = "0"
                  continueAfterRunningActions = "No"
                  symbolName = "closure #1 () -&gt; () in BecomeDigitalV.CameraViewController.changeCamera(isFront: Swift.Bool) -&gt; ()"
                  moduleName = "BecomeDigitalV"
                  usesParentBreakpointCondition = "Yes"
                  urlString = "file:///Users/nelsonpena/Google%20Drive/dev_proyects/IOs/BecomeDigitalIdentityVerification/BecomeDigitalV/BecomeDigitalV/Views/CameraViewController.swift"
                  startingColumnNumber = "9223372036854775807"
                  endingColumnNumber = "9223372036854775807"
                  startingLineNumber = "655"
                  endingLineNumber = "655"
                  offsetFromSymbolStart = "4800">
               </Location>
            </Locations>
         </BreakpointContent>
      </BreakpointProxy>
      <BreakpointProxy
         BreakpointExtensionID = "Xcode.Breakpoint.FileBreakpoint">
         <BreakpointContent
            uuid = "E17B3C73-A344-4005-A05F-8FBB2BC3503D"
            shouldBeEnabled = "No"
            ignoreCount = "0"
            continueAfterRunningActions = "No"
            filePath = "../../BecomeDigitalIdentityVerification/BecomeDigitalV/BecomeDigitalV/Views/CameraViewController.swift"
            startingColumnNumber = "9223372036854775807"
            endingColumnNumber = "9223372036854775807"
            startingLineNumber = "732"
            endingLineNumber = "732"
            landmarkName = "focus(with:exposureMode:at:monitorSubjectAreaChange:)"
            landmarkType = "7">
            <Locations>
               <Location
                  uuid = "E17B3C73-A344-4005-A05F-8FBB2BC3503D - c734ab508d2b4729"
                  shouldBeEnabled = "Yes"
                  ignoreCount = "0"
                  continueAfterRunningActions = "No"
                  symbolName = "closure #1 () -&gt; () in BecomeDigitalV.CameraViewController.focus(with: __C.AVCaptureFocusMode, exposureMode: __C.AVCaptureExposureMode, at: __C.CGPoint, monitorSubjectAreaChange: Swift.Bool) -&gt; ()"
                  moduleName = "BecomeDigitalV"
                  usesParentBreakpointCondition = "Yes"
                  urlString = "file:///Users/nelsonpena/Google%20Drive/dev_proyects/IOs/BecomeDigitalIdentityVerification/BecomeDigitalV/BecomeDigitalV/Views/CameraViewController.swift"
                  startingColumnNumber = "9223372036854775807"
                  endingColumnNumber = "9223372036854775807"
                  startingLineNumber = "701"
                  endingLineNumber = "701"
                  offsetFromSymbolStart = "420">
               </Location>
               <Location
                  uuid = "E17B3C73-A344-4005-A05F-8FBB2BC3503D - c734ab508d2b4729"
                  shouldBeEnabled = "Yes"
                  ignoreCount = "0"
                  continueAfterRunningActions = "No"
                  symbolName = "closure #1 () -&gt; () in BecomeDigitalV.CameraViewController.focus(with: __C.AVCaptureFocusMode, exposureMode: __C.AVCaptureExposureMode, at: __C.CGPoint, monitorSubjectAreaChange: Swift.Bool) -&gt; ()"
                  moduleName = "BecomeDigitalV"
                  usesParentBreakpointCondition = "Yes"
                  urlString = "file:///Users/nelsonpena/Google%20Drive/dev_proyects/IOs/BecomeDigitalIdentityVerification/BecomeDigitalV/BecomeDigitalV/Views/CameraViewController.swift"
                  startingColumnNumber = "9223372036854775807"
                  endingColumnNumber = "9223372036854775807"
                  startingLineNumber = "701"
                  endingLineNumber = "701"
                  offsetFromSymbolStart = "1000">
               </Location>
            </Locations>
         </BreakpointContent>
      </BreakpointProxy>
      <BreakpointProxy
         BreakpointExtensionID = "Xcode.Breakpoint.FileBreakpoint">
         <BreakpointContent
            uuid = "AF02961B-5D6A-4FA6-BFEC-FD5EEBBE81ED"
            shouldBeEnabled = "No"
            ignoreCount = "0"
            continueAfterRunningActions = "No"
            filePath = "../../BecomeDigitalIdentityVerification/BecomeDigitalV/BecomeDigitalV/Views/CameraViewController.swift"
            startingColumnNumber = "9223372036854775807"
            endingColumnNumber = "9223372036854775807"
            startingLineNumber = "1120"
            endingLineNumber = "1120"
            landmarkName = "setRecommendedFrameRateRangeForPressureState(systemPressureState:)"
            landmarkType = "7">
            <Locations>
               <Location
                  uuid = "AF02961B-5D6A-4FA6-BFEC-FD5EEBBE81ED - d6a3ed6a3f5e0adb"
                  shouldBeEnabled = "Yes"
                  ignoreCount = "0"
                  continueAfterRunningActions = "No"
                  symbolName = "BecomeDigitalV.CameraViewController.setRecommendedFrameRateRangeForPressureState(systemPressureState: __C.AVCaptureSystemPressureState) -&gt; ()"
                  moduleName = "BecomeDigitalV"
                  usesParentBreakpointCondition = "Yes"
                  urlString = "file:///Users/nelsonpena/Google%20Drive/dev_proyects/IOs/BecomeDigitalIdentityVerification/BecomeDigitalV/BecomeDigitalV/Views/CameraViewController.swift"
                  startingColumnNumber = "9223372036854775807"
                  endingColumnNumber = "9223372036854775807"
                  startingLineNumber = "1091"
                  endingLineNumber = "1091"
                  offsetFromSymbolStart = "116">
               </Location>
               <Location
                  uuid = "AF02961B-5D6A-4FA6-BFEC-FD5EEBBE81ED - d6a3ed6a3f5e0a1d"
                  shouldBeEnabled = "Yes"
                  ignoreCount = "0"
                  continueAfterRunningActions = "No"
                  symbolName = "BecomeDigitalV.CameraViewController.setRecommendedFrameRateRangeForPressureState(systemPressureState: __C.AVCaptureSystemPressureState) -&gt; ()"
                  moduleName = "BecomeDigitalV"
                  usesParentBreakpointCondition = "Yes"
                  urlString = "file:///Users/nelsonpena/Google%20Drive/dev_proyects/IOs/BecomeDigitalIdentityVerification/BecomeDigitalV/BecomeDigitalV/Views/CameraViewController.swift"
                  startingColumnNumber = "9223372036854775807"
                  endingColumnNumber = "9223372036854775807"
                  startingLineNumber = "1089"
                  endingLineNumber = "1089"
                  offsetFromSymbolStart = "2384">
               </Location>
            </Locations>
         </BreakpointContent>
      </BreakpointProxy>
      <BreakpointProxy
         BreakpointExtensionID = "Xcode.Breakpoint.FileBreakpoint">
         <BreakpointContent
            uuid = "BC1093BA-B970-4B4A-9BD6-8591E9BD7430"
            shouldBeEnabled = "No"
            ignoreCount = "0"
            continueAfterRunningActions = "No"
            filePath = "../../BecomeDigitalIdentityVerification/BecomeDigitalV/BecomeDigitalV/Views/CameraViewController.swift"
            startingColumnNumber = "9223372036854775807"
            endingColumnNumber = "9223372036854775807"
            startingLineNumber = "81"
            endingLineNumber = "81"
            landmarkName = "viewDidLoad()"
            landmarkType = "7">
         </BreakpointContent>
      </BreakpointProxy>
      <BreakpointProxy
         BreakpointExtensionID = "Xcode.Breakpoint.FileBreakpoint">
         <BreakpointContent
            uuid = "A393072D-F0A9-40B0-A643-538025822AD2"
            shouldBeEnabled = "Yes"
            ignoreCount = "0"
            continueAfterRunningActions = "No"
            filePath = "../../BecomeDigitalIdentityVerification/BecomeDigitalV/BecomeDigitalV/Views/CameraViewController.swift"
            startingColumnNumber = "9223372036854775807"
            endingColumnNumber = "9223372036854775807"
            startingLineNumber = "1094"
            endingLineNumber = "1094"
            landmarkName = "sessionRuntimeError(notification:)"
            landmarkType = "7">
            <Locations>
               <Location
                  uuid = "A393072D-F0A9-40B0-A643-538025822AD2 - 2907ef929d46fb8d"
                  shouldBeEnabled = "Yes"
                  ignoreCount = "0"
                  continueAfterRunningActions = "No"
                  symbolName = "closure #1 () -&gt; () in BecomeDigitalV.CameraViewController.sessionRuntimeError(notification: __C.NSNotification) -&gt; ()"
                  moduleName = "BecomeDigitalV"
                  usesParentBreakpointCondition = "Yes"
                  urlString = "file:///Users/nelsonpena/Google%20Drive/dev_proyects/IOs/BecomeDigitalIdentityVerification/BecomeDigitalV/BecomeDigitalV/Views/CameraViewController.swift"
                  startingColumnNumber = "9223372036854775807"
                  endingColumnNumber = "9223372036854775807"
                  startingLineNumber = "1094"
                  endingLineNumber = "1094"
                  offsetFromSymbolStart = "328">
               </Location>
               <Location
                  uuid = "A393072D-F0A9-40B0-A643-538025822AD2 - a722ff13e9de7019"
                  shouldBeEnabled = "Yes"
                  ignoreCount = "0"
                  continueAfterRunningActions = "No"
                  symbolName = "closure #1 () -&gt; () in closure #1 () -&gt; () in BecomeDigitalV.CameraViewController.sessionRuntimeError(notification: __C.NSNotification) -&gt; ()"
                  moduleName = "BecomeDigitalV"
                  usesParentBreakpointCondition = "Yes"
                  urlString = "file:///Users/nelsonpena/Google%20Drive/dev_proyects/IOs/BecomeDigitalIdentityVerification/BecomeDigitalV/BecomeDigitalV/Views/CameraViewController.swift"
                  startingColumnNumber = "9223372036854775807"
                  endingColumnNumber = "9223372036854775807"
                  startingLineNumber = "1094"
                  endingLineNumber = "1094"
                  offsetFromSymbolStart = "28">
               </Location>
            </Locations>
         </BreakpointContent>
      </BreakpointProxy>
      <BreakpointProxy
         BreakpointExtensionID = "Xcode.Breakpoint.FileBreakpoint">
         <BreakpointContent
            uuid = "CD83AF48-B73E-43B9-BB8D-659A44890A30"
            shouldBeEnabled = "No"
            ignoreCount = "0"
            continueAfterRunningActions = "No"
            filePath = "../../BecomeDigitalIdentityVerification/BecomeDigitalV/BecomeDigitalV/Services/RestServices.swift"
            startingColumnNumber = "9223372036854775807"
            endingColumnNumber = "9223372036854775807"
            startingLineNumber = "429"
            endingLineNumber = "429"
            landmarkName = "getImage(accesToken:urlImage:onCompletion:)"
            landmarkType = "7">
         </BreakpointContent>
      </BreakpointProxy>
      <BreakpointProxy
         BreakpointExtensionID = "Xcode.Breakpoint.FileBreakpoint">
         <BreakpointContent
            uuid = "2E2B8ED6-A0FC-4C7F-B7EE-EF783D135518"
            shouldBeEnabled = "No"
            ignoreCount = "0"
            continueAfterRunningActions = "No"
            filePath = "../../BecomeDigitalIdentityVerification/BecomeDigitalV/BecomeDigitalV/Views/CameraViewController.swift"
            startingColumnNumber = "9223372036854775807"
            endingColumnNumber = "9223372036854775807"
            startingLineNumber = "411"
            endingLineNumber = "411"
            landmarkName = "configureSession(isPhoto:)"
            landmarkType = "7">
         </BreakpointContent>
      </BreakpointProxy>
   </Breakpoints>
</Bucket>
